{
  "attached": {
    "entity_components": {},
    "on_cast": [
      {
        "acts": [
          {
            "type": "sound",
            "map": {
              "pitch": 2.0,
              "sound": "mmorpg:fire",
              "volume": 0.75
            }
          }
        ],
        "en_preds": [],
        "ifs": [
          {
            "type": "on_spell_cast",
            "map": {}
          }
        ],
        "targets": []
      },
      {
        "acts": [
          {
            "type": "particles_in_radius",
            "map": {
			  "height": 1.0,
              "motion": "None",
              "particle_count": 100.0,
              "particle_type": "supplementaries:green_flame",
              "radius": 2.0
            }
          }
        ],
        "en_preds": [],
        "ifs": [
          {
            "type": "on_spell_cast",
            "map": {}
          }
        ],
        "targets": []
      },
      {
        "acts": [
          {
            "type": "damage",
            "map": {
              "disable_knockback": true,
              "element": "Fire",
              "value_calculation": "immolate"
            }
          }
        ],
        "en_preds": [],
        "ifs": [
          {
            "type": "on_spell_cast",
            "map": {}
          }
        ],
        "targets": [
          {
            "type": "aoe",
            "map": {
              "en_predicate": "enemies",
              "radius": 2.0,
              "selection_type": "RADIUS"
            }
          }
        ]
      }
    ]
  },
  "cast_animation": {
    "id": "steady_cast"
  },
  "cast_finish_animation": {
    "id": "cast_finish"
  },
  "config": {
    "aggro_radius": 10,
    "cast_time_ticks": 0,
    "castingWeapon": "ANY_WEAPON",
    "charge_name": "",
    "charge_regen": 0,
    "charges": 0,
    "cooldown_ticks": 5,
    "ene_cost": {
      "max": 0.0,
      "min": 0.0
    },
    "imbues": 0,
    "mana_cost": {
      "max": 0.0,
      "min": 0.0
    },
    "slows_when_casting": true,
    "style": "int",
    "summonType": "NONE",
    "summon_basic_atk": "pet_basic",
    "swing_arm": false,
    "tags": {
      "tags": [
        "magic",
        "damage",
        "fire",
        "area"
      ]
    },
    "times_to_cast": 1,
    "tracking_radius": 5,
    "tracks": "enemies",
    "use_support_gems_from": "holy_immolation"
  },
  "default_lvl": 0,
  "disabled_dims": [],
  "effect_tip": "",
  "identifier": "immolate",
  "loc_name": "Immolate",
  "lvl_based_on_spell": "holy_immolation",
  "manual_tip": true,
  "max_lvl": 16,
  "min_lvl": 1,
  "show_other_spell_tooltip": "",
  "statsForSkillGem": [],
  "weight": 1000
}