{
  "__comment": "For help with the config refer to https://github.com/Flemmli97/Flan/wiki/Config",
  "configVersion": 4,
  "lang": "ko_kr",
  "startingBlocks": 2000,
  "maxClaimBlocks": 25600,
  "ticksForNextBlock": 200,
  "minClaimsize": 100,
  "defaultClaimDepth": 20,
  "maxClaims": 5,
  "defaultClaimName": "",
  "defaultEnterMessage": "",
  "defaultLeaveMessage": "",
  "noSpawnClaim": false,
  "claimingCooldown": 0,
  "blacklistedWorlds": [
    "minecraft:overworld"
  ],
  "worldWhitelist": true,
  "claimingItem": "minecraft:golden_hoe",
  "claimingNBT": {},
  "inspectionItem": "minecraft:stick",
  "inspectionNBT": {},
  "claimDisplayTime": 1000,
  "particleDisplay": false,
  "claimDisplayActionBar": false,
  "permissionLevel": 2,
  "autoClaimStructures": false,
  "ftbChunksCheck": true,
  "gomlReservedCheck": true,
  "mineColoniesCheck": true,
  "buySellHandler": {
    "buyType": "ITEM",
    "buyValue": 1.0,
    "buyIngredients": [
      {
        "amount": 1.0,
        "ingredient": {
          "item": "lightmanscurrency:coin_gold"
        }
      }
    ],
    "sellType": "ITEM",
    "sellValue": 5.0,
    "sellIngredient": {
      "item": "lightmanscurrency:coin_iron"
    }
  },
  "maxBuyBlocks": 25600,
  "lenientBlockEntityCheck": false,
  "breakBlockBlacklist": [
    "universal_graves:grave",
    "yigd:grave"
  ],
  "interactBlockBlacklist": [
    "universal_graves:grave",
    "yigd:grave",
    "waystones",
    "lootr",
    "minecraft:crafting_table",
    "universal_shops:trade_block"
  ],
  "breakBlockEntityTagBlacklist": [],
  "interactBlockEntityTagBlacklist": [
    "IsDeathChest",
    "gunpowder.owner",
    "shop-activated"
  ],
  "ignoredEntities": [
    "corpse:corpse"
  ],
  "entityTagIgnore": [
    "graves.marker"
  ],
  "customItemPermission": [
    "@c:wrenches-INTERACTBLOCK",
    "appliedenergistics2:nether_quartz_wrench-INTERACTBLOCK",
    "appliedenergistics2:certus_quartz_wrench-INTERACTBLOCK",
    "botania:water_rod-INTERACTBLOCK",
    "botania:exchange_rod-INTERACTBLOCK",
    "botania:fire_rod-INTERACTBLOCK",
    "botania:rainbow_rod-INTERACTBLOCK",
    "botania:orechid-INTERACTBLOCK",
    "botania:orechid_ignem-INTERACTBLOCK",
    "botania:rannuncarpus-INTERACTBLOCK",
    "botania:dreadthorn-INTERACTBLOCK",
    "botania:piston_relay-INTERACTBLOCK",
    "botania:terra_pick-INTERACTBLOCK",
    "botania:mana_gun-INTERACTBLOCK",
    "botania:lens_influence-INTERACTBLOCK",
    "botania:lens_light-INTERACTBLOCK",
    "botania:horn_grass-INTERACTBLOCK",
    "botania:horn_leaves-INTERACTBLOCK",
    "botania:horn_snow-INTERACTBLOCK",
    "botania:drum_wild-INTERACTBLOCK"
  ],
  "customBlockPermission": [
    "sophisticatedbackpacks:backpack-BREAK",
    "sophisticatedbackpacks:copper_backpack-BREAK",
    "sophisticatedbackpacks:iron_backpack-BREAK",
    "sophisticatedbackpacks:gold_backpack-BREAK",
    "sophisticatedbackpacks:diamond_backpack-BREAK",
    "sophisticatedbackpacks:netherite_backpack-BREAK"
  ],
  "customEntityPermission": [
    "taterzen:npc-TRADING"
  ],
  "leftClickBlockPermission": [
    "@storagedrawers:drawers-OPENCONTAINER",
    "mekanism:basic_bin-OPENCONTAINER",
    "mekanism:advanced_bin-OPENCONTAINER",
    "mekanism:ultimate_bin-OPENCONTAINER",
    "mekanism:creative_bin-OPENCONTAINER",
    "sophisticatedbackpacks:backpack-OPENCONTAINER",
    "sophisticatedbackpacks:copper_backpack-OPENCONTAINER",
    "sophisticatedbackpacks:iron_backpack-OPENCONTAINER",
    "sophisticatedbackpacks:gold_backpack-OPENCONTAINER",
    "sophisticatedbackpacks:diamond_backpack-OPENCONTAINER",
    "sophisticatedbackpacks:netherite_backpack-OPENCONTAINER"
  ],
  "dropTicks": 6000,
  "inactivityTimeDays": 90,
  "inactivityBlocksMax": 2000,
  "deletePlayerFile": false,
  "bannedDeletionTime": 5,
  "offlineProtectActivation": -1,
  "enableLogs": false,
  "defaultGroups": {
    "Visitor": {
      "flan:button_lever": true,
      "flan:door": true,
      "flan:enchantment": false,
      "flan:pressure_plate": true,
      "flan:trapdoor": true,
      "flan:fence_gate": true,
      "flan:portal": true,
      "flan:enderchest": true,
      "flan:bed": true,
      "flan:itemframe_rotate": true,
      "flan:trading": true
    },
    "Banned": {
      "flan:can_stay": false
    },
    "Admin": {
      "flan:armorstand": true,
      "flan:edit_claim": true,
      "flan:sculk": true,
      "flan:projectiles": true,
      "flan:button_lever": true,
      "flan:break": true,
      "flan:pickup": true,
      "flan:enderchest": true,
      "flan:open_container": true,
      "flan:can_stay": true,
      "flan:boat": true,
      "flan:lectern_take": true,
      "flan:pressure_plate": true,
      "flan:noteblock": true,
      "flan:place": true,
      "flan:trample": true,
      "flan:hurt_animal": true,
      "flan:portal": true,
      "flan:ender_pearl": true,
      "flan:flight": true,
      "flan:target_block": true,
      "flan:break_non_living": true,
      "flan:endcrystal_place": true,
      "flan:drop": true,
      "flan:anvil": true,
      "flan:claim_message": true,
      "flan:door": true,
      "flan:fence_gate": true,
      "flan:frost_walker": true,
      "flan:chorus_fruit": true,
      "flan:xp": true,
      "flan:jukebox": true,
      "flan:player_mob_spawn": true,
      "flan:animal_interact": true,
      "flan:minecart": true,
      "flan:raid": true,
      "flan:enchantment": true,
      "flan:beacon": true,
      "flan:trapdoor": true,
      "flan:interact_block": true,
      "flan:redstone": true,
      "flan:bucket": true,
      "flan:itemframe_rotate": true,
      "flan:bed": true,
      "flan:trading": true
    },
    "Member": {
      "flan:armorstand": true,
      "flan:sculk": true,
      "flan:projectiles": true,
      "flan:button_lever": true,
      "flan:break": true,
      "flan:pickup": true,
      "flan:enderchest": true,
      "flan:open_container": true,
      "flan:can_stay": true,
      "flan:boat": true,
      "flan:lectern_take": true,
      "flan:pressure_plate": true,
      "flan:noteblock": true,
      "flan:place": true,
      "flan:trample": true,
      "flan:hurt_animal": true,
      "flan:portal": true,
      "flan:ender_pearl": true,
      "flan:flight": true,
      "flan:target_block": true,
      "flan:break_non_living": true,
      "flan:endcrystal_place": true,
      "flan:drop": true,
      "flan:anvil": true,
      "flan:door": true,
      "flan:fence_gate": true,
      "flan:frost_walker": true,
      "flan:chorus_fruit": true,
      "flan:xp": true,
      "flan:jukebox": true,
      "flan:player_mob_spawn": true,
      "flan:animal_interact": true,
      "flan:minecart": true,
      "flan:raid": true,
      "flan:enchantment": true,
      "flan:beacon": true,
      "flan:trapdoor": true,
      "flan:interact_block": true,
      "flan:redstone": true,
      "flan:bucket": true,
      "flan:itemframe_rotate": true,
      "flan:bed": true,
      "flan:trading": true
    },
    "Co-Owner": {
      "flan:armorstand": true,
      "flan:edit_claim": true,
      "flan:sculk": true,
      "flan:projectiles": true,
      "flan:button_lever": true,
      "flan:break": true,
      "flan:pickup": true,
      "flan:enderchest": true,
      "flan:edit_perms": true,
      "flan:open_container": true,
      "flan:can_stay": true,
      "flan:boat": true,
      "flan:lectern_take": true,
      "flan:pressure_plate": true,
      "flan:noteblock": true,
      "flan:place": true,
      "flan:trample": true,
      "flan:hurt_animal": true,
      "flan:portal": true,
      "flan:ender_pearl": true,
      "flan:flight": true,
      "flan:target_block": true,
      "flan:break_non_living": true,
      "flan:endcrystal_place": true,
      "flan:drop": true,
      "flan:anvil": true,
      "flan:claim_message": true,
      "flan:door": true,
      "flan:fence_gate": true,
      "flan:frost_walker": true,
      "flan:chorus_fruit": true,
      "flan:xp": true,
      "flan:jukebox": true,
      "flan:player_mob_spawn": true,
      "flan:animal_interact": true,
      "flan:minecart": true,
      "flan:raid": true,
      "flan:enchantment": true,
      "flan:beacon": true,
      "flan:trapdoor": true,
      "flan:interact_block": true,
      "flan:redstone": true,
      "flan:bucket": true,
      "flan:itemframe_rotate": true,
      "flan:bed": true,
      "flan:trading": true
    }
  },
  "globalDefaultPerms": {
    "*": {
      "flan:mob_spawn": "ALLFALSE",
      "flan:teleport": "ALLFALSE",
      "flan:door": "ALLTRUE",
      "flan:trapdoor": "ALLTRUE",
      "flan:fence_gate": "ALLTRUE",
      "flan:no_hunger": "ALLFALSE",
      "flan:lock_items": "ALLTRUE",
      "flan:flight": "ALLTRUE",
      "flan:edit_potions": "ALLFALSE"
    }
  }
}